{
  "timestamp": 1754343575.7754793,
  "initialization_time": 0.007239580154418945,
  "operation_throughput": 1287.8604765413904,
  "memory_usage": 0,
  "async_performance": 0
}